,FinalID,CommonEnglish,BCGAttribute,BCGAttributeFl,RedListCategory,Guild,PiscivoreSize,A,B
1,Acanthostracion polygonius,Honeycomb cowfish,I,,LC,I,,,
2,Acanthostracion quadricomis,Scrawled cowfish,I,,,I,,,
3,Carcharhinus limbatus,Blacktip shark,I,,VU,P,LP,0.00325,3.28316
4,Carcharhinus perezii,Caribbean reef shark,I,,,P,LP,0.0271,3
5,Epinephelus itajara,Atlantic Goliath Grouper,I,,VU,P,LP,0.0131,3.056
6,Epinephelus morio,Red grouper,I,,VU,I,,0.0123,3.035
7,Epinephelus striatus,Nassau grouper,I,,CR,P,LP,0.00649,3.229
8,Mycteroperca bonaci,Black grouper,I,,NT,P,LP,0.00684,3.205
9,Mycteroperca interstitialis,Yellowmouth grouper,I,,VU,P,SP,0.0009,3.582
10,Mycteroperca tigris,Tiger grouper,I,,DD,P,LP,0.01425,3.115
11,Mycteroperca venenosa,Yellowfin grouper,I,,NT,P,LP,0.00952,3.14
12,Scarus coelestinus,Midnight parrotfish,I,,DD,H,,0.0153,3.062
13,Scarus coeruleus,Blue parrotfish,I,,LC,H,,0.0124,3.111
14,Scarus guacamaia,Rainbow parrotfish,I,,NT,H,,0.0155,3.0629
15,Sphyrna mokarran,Great Hammerhead Shark,I,,CR,P,LP,0.00123,3.24
16,Aetobatus narinari,Spotted eagle ray,II,,EN,I,,0.00586,3.13
17,Aluterus scriptus,Scrawled filefish,II,,LC,I,,0.823,1.814
18,Amblycirrhitus pinos,Redspotted hawkfish,II,,LC,Z,,0.00257,3.427
19,Anisotremus surinamensis,Black margate,II,,DD,I,,0.067,2.69
20,Astrapogon stellatus,Conchfish,II,,DD,I,,0.017,3.077
21,Aulostomus maculatus,Trumpetfish,II,,LC,P,SP,0.00396,2.865
22,Cantherhines macrocerus,America whitespotted filefish,II,,,I,,0.0156,3.2
23,Cantherhines pullus,Orangespotted filefish,II,,LC,H,,0.0684,2.563
24,Caranx crysos,Blue runner,II,,LC,P,SP,0.0089,3.11
25,Caranx hippos,Crevalle jack,II,,LC,P,LP,0.0246,2.90175
26,Cephalophilus furcifer,Atlantic creolefish,II,,,Z,,,
27,Chaenopsis limbaughi,Yellowface pikeblenny,II,,LC,I,,,
28,Chaetodipterus faber,Atlantic spadefish,II,,LC,I,,0.07368,2.731
29,Chromis cyanea,Blue chromis,II,,LC,Z,,,
30,Chromis multilineata,Brown chromis,II,,LC,Z,,,
31,Clepticus parrae,Creole wrasse,II,,LC,Z,,,
32,Dactylopterus volitans,Flying gurnard,II,,LC,I,,0.00331,3.32
33,Dasyatis americana,Southern stingray,II,,,I,,,
34,Elacatinus genie,Cleaner goby,II,,LC,H,,,
35,Elacatinus multifasciatus,Greenbanded goby,II,,,I,,,
36,Elacatinus oceanops,Neon goby,II,,LC,I,,0.00799,3.137
37,Elacatinus prochilos,Broadstripe goby,II,,VU,I,,,
38,Elacatinus saucrum,Leopard goby,II,,,I,,,
39,Enchelycore nigricans,Viper moray,II,,LC,P,SP,0.00173,3
40,Fistularia tabacaria,Bluespotted cornetfish,II,,LC,P,SP,0.0002,3.25
41,Galeocerdo cuvier,Tiger shark,II,,NT,P,LP,0.00621,3.16
42,Ginglymostoma cirratum,Nurse shark,II,,VU,P,LP,0.0106,2.892
43,Gramma loreto,Fairy basslet,II,,LC,I,,,
44,Haemulon chrysargyreum,Smallmouth grunt,II,,LC,I,,,
45,Halichoeres radiatus,Puddingwife,II,,LC,I,,0.0131,3.038
46,Heteropriacanthus cruentatus,Glasseye snapper,II,,LC,Z,,0.02793,2.82313
47,Holacanthus ciliaris,Queen angelfish,II,,LC,I,,0.0336,2.9
48,Holacanthus tricolor,Rock beauty,II,,LC,I,,0.0428,2.858
49,Hypoplectrus gemma,Blue hamlet,II,,LC,,,,
50,Hypoplectrus hybrid,Hybrid hamlet,II,,,,,,
51,Lachnolaimus maximus,Hogfish,II,,VU,I,,0.00887,3.264
52,Lactophrys triqueter,Smooth trunkfish,II,,LC,I,,0.309,2.23
53,Lactophrys bicaudalis,Spotted trunkfish,II,,LC,I,,0.07325,2.815
54,Lactophrys trigonus,Trunkfish,II,,LC,I,,0.0178,3.083
55,Lutjanus analis,Mutton snapper,II,,NT,I,,0.0163,2.944
56,Lutjanus cyanopterus,Cubera snapper,II,,VU,P,LP,0.0151,3.059
57,Lutjanus jocu,Dog snapper,II,,DD,P,LP,0.0158,2.998
58,Melichthys niger,Black durgon,II,,LC,H,,0.0439,2.8
59,Negaprion brevirostris,Lemon Shark,II,,VU,P,LP,0.0053,3.16
60,Pareques acuminatus,Highhat,II,,LC,I,,0.00871,3.202
61,Priacanthus arenatus,Bigeye,II,,LC,I,,0.0443,2.644
62,Priolepis hipoliti,Rusty goby,II,,LC,I,,0.0133,3.041
63,Prognathodes aculeatus,Longsnout butterflyfish,II,,LC,I,,,
64,Scomberomorus regalis,Cero,II,,LC,P,SP,0.0202,2.8
65,Seriola dumerili,Greater amberjack,II,,LC,P,LP,0.05065,2.72
66,Seriola rivoliana,Almaco jack,II,,LC,P,LP,0.0146,3.055
67,Serranus tigrinus,Harlequin bass,II,,LC,I,,0.0145,3.048
68,Thalassoma bifasciatum,Bluehead,II,,LC,I,,0.0107,2.916
69,Trachinotus falcatus,Permit,II,,LC,I,,0.0531,2.803
70,Trachinotus goodei,Palometa,II,,LC,P,SP,0.0144,2.9
71,Xanthichthys ringens,Sargassum triggerfish,II,,LC,Z,,,
72,Abudefduf taurus,Night sergeant,III,,LC,H,,,
73,Acanthemblemaria aspera,Roughhead blenny,III,III,LC,I,,0.00771,2.962
74,Acanthemblemaria maria,Secretary blenny,III,,LC,I,,,
75,Acanthemblemaria spinosa,Spinyhead blenny,III,,LC,I,,,
76,Acanthurus chirurgus,Doctorfish,III,,LC,H,,0.024,2.93
77,Acanthurus coeruleus,Blue tang,III,,LC,H,,0.0415,2.835
78,Acanthurus tractus,Ocean surgeonfish,III,,LC,H,,0.0237,2.975
79,Acanthurus tractus (bahianus),Ocean surgeonfish,III,,LC,H,,,
80,Acanthurus bahianus,Ocean surgeonfish,III,,LC,H,,0.026,2.87
81,Ancylomenes pedersoni (adult),Pederson cleaner shrimp,III,,,,,,
82,Ancylomenes pedersoni,Pederson cleaner shrimp,III,,,,,,
83,Apogon aurolineatus,Bridle cardinalfish,III,,LC,Z,,,
84,Apogon binotatus,Barred cardinalfish,III,,LC,Z,,,
85,Apogon lachneri,Whitestar cardinalfish,III,,LC,Z,,,
86,Apogon quadrisquamatus,Sawcheek cardinalfish,III,,LC,Z,,,
87,Astrapogon puncticulatus,Blackfin cardinalfish,III,,LC,I,,,
88,Balistes vetula,Queen triggerfish,III,,NT,I,,0.02681,2.96
89,Bodianus pulchellus,Spotfin hogfish,III,,LC,I,,0.0187,3.12
90,Bodianus rufus,Spanish hogfish,III,,LC,I,,0.0144,3.053
91,Canthidermis sufflamen,Ocean triggerfish,III,,LC,I,,0.0176,3.055
92,Caranx latus,Horse-Eye jack,III,,LC,P,SP,0.0174,2.91
93,Caranx lugubris,Black jack,III,,LC,P,LP,0.025,2.94
94,Centropomus undecimalis,Common snook,III,,LC,P,SP,0.0104,2.91
95,Centropyge aurantonotus,Flameback angelfish,III,,LC,H,,,
96,Cephalopholis cruentata,Graysby,III,,LC,P,SP,0.0135,3.044
97,Cephalopholis fulva,Coney,III,,LC,P,SP,0.0098,3.18
98,Chaetodon capistratus,Foureye butterflyfish,III,,LC,I,,0.022,3.19
99,Chaetodon ocellatus,Spotfin butterflyfish,III,,LC,I,,0.0318,2.984
100,Chaetodon striatus,Banded butterflyfish,III,,LC,I,,0.029,2.98
101,Chilomycterus antennatus,Bridled burrfish,III,,LC,I,,,
102,Chromis insolata,Sunshinefish,III,,LC,Z,,,
103,Coryphopterus dicrus,Colon goby,III,III,LC,I,,,
104,Coryphopterus eidolon,Pallid goby,III,III,VU,I,,,
105,Coryphopterus lipernes,Peppermint goby,III,,VU,I,,,
106,Cosmocampus elucens,Shortfin pipefish,III,,LC,I,,,
107,Diodon holocanthus,Balloonfish,III,,LC,I,,0.119,2.6296
108,Echidna catenata,Chain moray,III,,LC,I,,,
109,Elacatinus chancei,Shortstripe goby,III,,LC,I,,,
110,Elacatinus louisae,Spotlight goby,III,,LC,I,,,
111,Emmelichthyops atlanticus,Bonnetmouth,III,,LC,P,SP,,
112,Epinephelus adscensionis,Rock hind,III,,LC,I,,0.01331,3.18
113,Epinephelus guttatus,Red hind,III,,LC,P,SP,0.00906,3.171
114,Equetus lanceolatus,Jackknife fish,III,,LC,I,,,
115,Equetus punctatus,Spotted drum,III,,LC,I,,,
116,Gymnothorax miliaris,Goldentail moray,III,,LC,P,SP,0.0109,2.574
117,Gymnothorax vicinus,Purplemouth moray,III,,LC,P,SP,0.00425,2.876
118,Haemulon album,Margate (White),III,,DD,I,,0.0167,3.042
119,Haemulon carbonarium,Caesar grunt,III,,LC,I,,0.0147,3.056
120,Haemulon flavolineatum,French grunt,III,,LC,I,,0.013,3.034
121,Haemulon macrostomum,Spanish grunt,III,,LC,I,,0.0244,3.029
122,Haemulon parra,Sailors choice,III,,LC,I,,0.0106,3.18
123,Halichoeres garnoti,Yellowhead wrasse,III,,LC,I,,0.00519,3.375
124,Halichoeres maculipinna,Clown wrasse,III,,LC,I,,0.00276,3.693
125,Halichoeres pictus,Rainbow wrasse,III,,LC,I,,,
126,Hippocampus reidi,Longsnout seahorse,III,,NT,I,,,
127,Holocentrus adscensionis,Squirrelfish,III,,LC,I,,0.0213,2.7781
128,Holocentrus rufus,Longspine squirrelfish,III,,LC,I,,0.015,3.059
129,Hypoplectrus aberrans,Yellowbelly hamlet,III,,LC,I,,,
130,Hypoplectrus chlorurus,Yellowtail hamlet,III,,LC,I,,,
131,Hypoplectrus guttavarius,Shy hamlet,III,,LC,I,,,
132,Hypoplectrus indigo,Indigo hamlet,III,,LC,I,,,
133,Hypoplectrus nigricans,Black hamlet,III,,LC,P,SP,,
134,Hypoplectrus puella,Barred hamlet,III,,LC,I,,0.009,3.04
135,Hypoplectrus randallorum,Tan hamlet,III,,LC,I,,,
136,Hypoplectrus unicolor,Butter hamlet,III,,LC,P,SP,0.0109,3.182
137,Kyphosus sectator,Chub (Bermuda/Yellow),III,,,H,,,
138,Labrisomus nuchipinnis,Hairy blenny,III,,LC,I,,0.0084,3.2
139,Liopropoma rubre,Peppermint basslet,III,,LC,I,,,
140,Lutjanus buccanella,Blackfin snapper,III,,DD,P,SP,0.00697,2.974
141,Lutjanus mahogoni,Mahogany snapper,III,,LC,P,SP,0.0428,2.719
142,Lutjanus synagris,Lane snapper,III,,NT,P,SP,0.0159,2.9561
143,Malacanthus plumieri,Sand tilefish,III,,LC,I,,0.0047,3.147
144,Malacoctenus aurolineatus,Goldline blenny,III,III,LC,I,,,
145,Malacoctenus macropus,Rosy blenny,III,III,LC,I,,0.0245,2.223
146,Malacoctenus versicolor,Barfin blenny,III,,LC,I,,,
147,Megalops atlanticus,Tarpon,III,,VU,P,LP,0.008355,2.9635
148,Microspathodon chrysurus,Yellowtail damselfish,III,,LC,H,,0.0239,3.082
149,Monacanthus ciliatus,Fringed filefish,III,,LC,H,,0.0182,3.0869
150,Monacanthus tuckeri,Slender filefish,III,,LC,Z,,0.0074,3.5613
151,Mulloidichthys martinicus,Yellow goatfish,III,,LC,I,,0.01,3.0726
152,Myrichthys breviceps,Sharptail eel,III,,LC,I,,,
153,Myrichthys ocellatus,Goldspotted eel,III,,LC,I,,,
154,Myripristis jacobus,Blackbar soldierfish,III,,LC,I,,0.01476,3.0563
155,Neonifon marianus,Longjaw squirrelfish,III,,,I,,,
156,Odontoscion dentex,Reef croaker,III,,LC,Z,,0.0105,3.007
157,Ophichthus ophis,Spotted snake eel,III,,LC,P,SP,,
158,Opistognathus aurifrons,Yellowhead jawfish,III,,LC,Z,,,
159,Opistognathus macrognathus,Banded jawfish,III,,LC,I,,,
160,Opistognathus whitehursti,Dusky jawfish,III,,LC,I,,0.00931,2.99
161,Parablennius marmoreus,Seaweed blenny,III,III,LC,Z,,,
162,Pempheris schomburgkii,Glassy sweeper,III,,LC,I,,0.0165,3.072
163,Pomacanthus arcuatus,Gray angelfish,III,,LC,I,,0.0344,2.968
164,Pomacanthus paru,French angelfish,III,,LC,I,,0.0203,3.126
165,Pseudupeneus maculatus,Spotted goatfish,III,,LC,I,,0.00124,3.806
166,Rypticus saponaceus,Greater soapfish,III,,LC,,,,
167,Sargocentron bullisi,Deepwater squirrelfish,III,,LC,I,,,
168,Sargocentron coruscum,Reef squirrelfish,III,,LC,I,,0.0161,3.069
169,Scarus iseri,Striped parrotfish,III,,LC,H,,0.0147,3.055
170,Scarus taeniopterus,Princess parrotfish,III,,LC,H,,0.02238,2.94
171,Scarus vetula,Queen parrotfish,III,,LC,H,,,
172,Scomberomorus cavalla,King mackerel,III,,LC,,,0.0083,2.973
173,Scomberomorus maculatus,Spanish mackerel,III,,LC,,,0.00884,2.982
174,Scorpaena plumieri,Spotted scorpionfish,III,,LC,I,,0.0348,2.85
175,Selar crumenophthalmus,Bigeye scad,III,,LC,P,SP,0.0053,3.38
176,Serranus tabacarius,Tobaccofish,III,,LC,P,SP,,
177,Sparisoma atomarium,Greenblotch parrotfish,III,,LC,H,,0.0121,3.028
178,Sparisoma chrysopterum,Redtail parrotfish,III,,LC,H,,0.0154,3.0423
179,Sparisoma rubripinne,Yellowtail parrotfish,III,,LC,H,,0.0156,3.064
180,Sparisoma viride,Stoplight parrotfish,III,,LC,H,,0.025,2.921
181,Sphoeroides spengleri,Bandtail puffer,III,,LC,I,,0.0274,2.8162
182,Sphyraena barracuda,Great barracuda,III,,LC,P,LP,0.038,2.407
183,Sphyraena picudilla,Southern sennet,III,,,P,SP,0.00669,2.942
184,Stegastes partitus,Bicolor damselfish,III,,LC,H,,0.0182,3.152
185,Abudefduf saxatilis,Sergeant major,IV,,LC,I,,0.0246,2.85
186,Alphestes afer,Mutton hamlet,IV,,LC,I,,0.0045,2.67
187,Anisotremus virginicus,Porkfish,IV,,LC,I,,0.0148,3.167
188,Apogon maculatus,Flamefish,IV,,LC,Z,,0.0158,3.073
189,Apogon pseudomaculatus,Twospot cardinalfish,IV,,LC,Z,,0.02,2.943
190,Apogon townsendi,Belted cardinalfish,IV,,LC,Z,,,
191,Archosargus rhomboidalis,Sea bream,IV,,LC,H,,0.0179,3.102
192,Bothus lunatus,Peacock flounder,IV,,LC,P,SP,0.00981,3.189
193,Bothus ocellatus,Eyed flounder,IV,,LC,P,SP,0.0108,3.03
194,Calamus bajonado,Jolthead porgy,IV,,LC,I,,0.0447,2.822
195,Calamus calamus,Saucereye porgy,IV,,LC,I,,0.0306,2.81
196,Calamus nodosus,Knobbed porgy,IV,,LC,I,,0.00765,3.13
197,Calamus penna,Sheepshead porgy,IV,,LC,I,,0.0977,2.542
198,Calamus pennatula,Pluma,IV,,LC,I,,0.0119,3.093
199,Calamus proridens,Littlehead porgy,IV,,LC,,,0.06154,2.71
200,Calamus UNK,Porgy,IV,,,I,,,
201,Canthigaster rostrata,Sharpnose puffer,IV,,LC,I,,,
202,Carangoides bartholomaei,Yellow Jack,IV,,,P,LP,,
203,Caranx bartholomaei,Yellow Jack,IV,,,P,LP,0.02785,2.809
204,Carangoides ruber,Bar jack,IV,,,P,SP,,
205,Caranx ruber,Bar jack,IV,,,P,SP,0.01329,3.0955
206,Chloroscombrus chrysurus,Atlantic bumper,IV,,LC,Z,,0.0168,2.763
207,Conger triporiceps,Manytooth conger,IV,,LC,P,SP,,
208,Coryphopterus glaucofraenum,Bridled goby,IV,IV,LC,I,,0.00934,3.03
209,Coryphopterus personatus/hyalinus,Masked/Glass goby,IV,IV,VU,I,,,
210,Cryptotomus roseus,Bluelip parrotfish,IV,,LC,H,,0.0078,3.2752
211,Ctenogobius saepepallens,Dash goby,IV,IV,LC,I,,,
212,Diodon hystrix,Porcupine fish,IV,,LC,I,,0.532,2.276
213,Eucinostomus argenteus,Spotfin mojarra/Silver mojarra,IV,,,,,0.009,3.11
214,Eucinostomus jonesii,Slender mojarra,IV,,LC,I,,0.092,2.65
215,Eucinostomus melanopterus,Flagfin mojarra,IV,,LC,I,,0.0109,3.03
216,Gnatholepis thompsoni,Goldspot goby,IV,IV,LC,H,,0.00351,3.766
217,Gymnothorax funebris,Green moray,IV,,LC,P,SP,0.00071,3.24
218,Gymnothorax moringa,Spotted moray,IV,,LC,P,SP,0.00102,3.07
219,Haemulon aurolineatum,Tomtate,IV,,LC,I,,0.00999,3.208
220,Haemulon plumierii,White grunt,IV,,LC,I,,0.0121,3.161
221,Haemulon sciurus,Bluestriped grunt,IV,,LC,I,,0.0194,2.999
222,Halichoeres bivittatus,Slippery dick,IV,,LC,I,,0.0105,3.0933
223,Inermia vittata,Boga,IV,,,Z,,,
224,Lutjanus apodus,Schoolmaster,IV,,LC,P,SP,0.0211,2.9261
225,Lutjanus griseus,Gray snapper,IV,,LC,P,SP,0.0202,2.8928
226,Ocyurus chrysurus,Yellowtail snapper,IV,,DD,Z,,0.02515,2.8695
227,Ophioblennius macclurei,Redlip blenny,IV,IV,LC,H,,0.0324,2.379
228,Paradiplogrammus bairdi,Lancer dragonet,IV,,,I,,,
229,Sargocentron vexillarium,Dusky squirrelfish,IV,,LC,I,,,
230,Serranus baldwini,Lantern bass,IV,,LC,I,,0.0129,3.036
231,Serranus flaviventris,Twinspot bass,IV,,LC,P,SP,0.0079,3.4496
232,Serranus tortugarum,Chalk bass,IV,,LC,Z,,,
233,Sparisoma aurofrenatum,Redband parrotfish,IV,,LC,H,,0.00468,3.429
234,Sparisoma radians,Bucktooth parrotfish,IV,,LC,H,,0.0095,3.21
235,Stegastes adustus,Dusky damselfish,IV,,LC,H,,,
236,Stegastes diencaeus,Longfin damselfish,IV,,LC,H,,,
237,Stegastes leucostictus,Beaugregory,IV,,LC,H,,0.0277,2.8711
238,Stegastes planifrons,Threespot damselfish,IV,,LC,I,,0.0379,2.857
239,Stegastes variabilis,Cocoa damselfish,IV,,LC,H,,0.0156,3.13
240,Xyrichtys splendens,Green razorfish,IV,,LC,Z,,0.00995,2.999
241,Diplodus argenteus,Silver porgy,V,,LC,H,,,
242,Gerres cinereus,Yellowfin mojarra,V,,LC,I,,0.0184,3.084
243,Mugil cephalus,Striped mullet,V,,LC,Z,,0.0233,2.979
244,Sphoeroides testudineus,Checkered puffer,V,,LC,I,,0.0164,3.072
245,Synodus foetens,Inshore lizardfish,V,,LC,P,SP,0.00864,2.979
246,Callogobius clitellus,Saddled goby,VI,,LC,I,,,
247,Pterois volitans,Red lionfish,VI,,LC,P,,0.024526,3.252
248,Ablennes hians,Flat needlefish,x-MNS,,LC,P,SP,0.00036,3.322
249,Acanthemblemaria UNK,Tube blenny,x-MNS,,,I,,,
250,Acanthocybium solandri,Wahoo,x-NRF,,LC,,,0.0016,3.275
251,Acanthurus UNK,Surgeonfish,X-UNK,,,H,,,
252,Acentronura dendritica,Pipehorse,x-MNS,,LC,I,,,
253,Albula vulpes,Bonefish,x-NRF,,NT,I,,0.00729,3.187
254,Alectis ciliaris,African pompano,x-NRF,,LC,P,SP,0.019,2.894
255,Apogon UNK,Cardinalfish,x-UNK,,,Z,,,
256,Archosargus probatocephalus,Sheepshead,x,,LC,I,,0.0188,3.091
257,Atherinomorus stipes,Hardhead silverside,x-MNS,,LC,Z,,0.012,3.136
258,Balistes capriscus,Gray triggerfish,x,,VU,I,,0.0711,2.515
259,Bathygobious soporator,Frillfin goby,x-MNS,,,I,,,
260,Belonidae UNK,Needlefish,x-UNK,,,P,SP,,
261,Bollmannia boqueronensis,White-eye goby,x-MNS,,LC,I,,,
262,Bothus UNK.,Flounder,x-UNK,,,P,SP,,
263,Canthigaster jamestyleri,Goldface toby,x,,LC,I,,,
264,Canthigaster UNK,Puffer,x-UNK,,,I,,,
265,Carcharhinus leucas,Bull shark,x,,,,,0.0021,2.98
266,Caranx UNK,Jack,x-UNK,,VU,P,SP,,
267,Centropristis striata,Black sea bass,x,,LC,P,SP,0.0134,3.02
268,Centropyge argi,Cherubfish,x,,LC,H,,,
269,Chaenopsis ocellata,Bluethroat pikeblenny,x-MNS,,LC,I,,,
270,Chaenopsis UNK,Pike blenny,x-MNS,,,I,,,
271,Chaetodon sedentarius,Reef butterflyfish,x,,LC,I,,0.0252,3.0759
272,Chromis enchrysura,Yellowtail reeffish,x,,LC,I,,,
273,Chromis scotti,Purple reeffish,x,,LC,Z,,,
274,Clupeidae UNK,Herrings,x,,,Z,,,
275,Coryphopterus UNK,Goby,x-UNK,,,I,,,
276,Coryphopterus punctipectophorus,Spotted Goby,x-MNS,,LC,,,,
277,Ctenogobius stigmaticus,Marked goby,x,,LC,I,,,
278,Decapterus macarellus,Mackerel scad,x-MNS,,LC,Z,,0.0032,3.56
279,Decapterus punctatus,Round scad,x-MNS,,LC,,,0.0084,3.0666
280,Decapterus UNK,Scad,x-UNK,,,Z,,,
281,Dermatolepis inermis,Marbled grouper,x,,DD,P,SP,0.0111,3.243
282,Diplectrum bivittatum,Dwarf sand perch,x,,LC,I,,0.0025,3.5964
283,Diplectrum formosum,Sand perch,x,,LC,P,SP,0.00537,3.282
284,Diplodus holbrooki,Spottail pinfish,x,,,H,,,
285,Doratonotus megalepis,Dwarf wrasse,x-MNS,,LC,I,,0.0292,2.86
286,Echeneis naucrates,Sharksucker,x,,LC,Z,,0.0006,3.42
287,Echeneis neucratoides,Whitefin sharksucker,x,,DD,Z,,,
288,Elacatinus dilepis,Orangesided goby,x-MNS,,,I,,,
289,Elacatinus evelynae,Sharknose goby,x-MNS,,LC,I,,,
290,Elacatinus horsti,Yellowline goby,x-MNS,,LC,,,,
291,Elacatinus macrodon,Tiger goby,x-MNS,,,,,,
292,Elacatinus UNK,Goby,x-MNS,,,I,,,
293,Elacatinus xanthiprora,Yellowprow goby,x-MNS,,LC,,,,
294,Elagatis bipinnulata,Rainbow runner,x-MNS,,LC,P,SP,0.0135,2.92
295,Emblemaria pandionis,Sailfin blenny,x-MNS,,LC,Z,,,
296,Emblemaria sp,Tube blenny,x-MNS,,,Z,,,
297,Emblemariopsis UNK,Blenny,x-MNS,,,I,,,
298,Engraulidae UNK,Anchovies,x-UNK,,,Z,,,
299,Enneanectes UNK,Triplefin,x-UNK,,,H,,,
300,Eucinostomus gula,Silver jenny,x-MNS,,LC,I,,0.0144,2.9744
301,Eucinostomus UNK,Mojarra,x-UNK,,,I,,,
302,Euthynnus alletteratus,Little tuny,x-NRF,,LC,P,SP,0.0138,3.035
303,Gobiidae UNK,Goby,x-MNS,,,I,,,
304,Gobiosoma grosvenori,Rockcut goby,x-MNS,,LC,I,,,
305,Gymnothorax UNK,Moray eel,x-UNK,,,P,SP,,
306,Haemulon melanurum,Cottonwick,x,,LC,I,,0.0226,2.953
307,Haemulon UNK,Grunt,x-UNK,,,I,,,
308,Haemulon striatum,Striped grunt,x,,LC,Z,,0.0175,3.099
309,Halichoeres burekae,Mardi gras wrasse,x,,EN,I,,,
310,Halichoeres caudalis,Painted wrasse,x,,LC,I,,,
311,Halichoeres cyanocephalus,Yellowcheek wrasse,x,,LC,I,,,
312,Halichoeres poeyi,Blackear wrasse,x,,LC,I,,0.0146,3.03
313,Halichoeres UNK,Wrasse,x-UNK,,,I,,,
314,Harengula jaguana,Scaled sardine,x-MNS,,LC,,,0.006,3.518
315,Hemiemblemaria simulas,Wrasse blenny,x-MNS,,,,,,
316,Hemiramphus brasiliensis,Ballyhoo,x-MNS,,LC,,,0.105,2.356
317,Heteroconger halis,Brown garden eel,x,,,Z,,,
318,Heteroconger longissimus,Brown garden eel,x,,LC,Z,,,
319,Hippocampus UNK,Pipefish,x- MNS,,,I,,,
320,Holacanthus bermudensis,Blue angelfish,x-MNS,,LC,I,,0.0319,2.899
321,Holocanthus Townsendi,Townsend angelfish,x-MNS,,,,,,
322,Holacanthus UNK,Angelfish,x-UNK,,,I,,,
323,Hypleurochilus bermudensis,Barred blenny,x-MNS,,LC,I,,0.0123,3.033
324,Hypoplectrus UNK,Hamlet,x-UNK,,,I,,,
325,Jenkinsia UNK,Herring,x-UNK,,,Z,,,
326,Labrisomus filamentosus,Quillfin blenny,x-MNS,,,I,,,
327,Lagodon rhomboides,Pinfish,x,,LC,I,,0.0155,3.074
328,Lonchopisthus micrognathus,Swordtail jawfish,x,,LC,Z,,,
329,Lophogobius cyprinoides,Crested goby,x,,LC,I,,,
330,Lutjanus campechanus,Red snapper,x-NPR,,VU,P,SP,0.0176975,3.0075
331,Lutjanus UNK,Snapper,x-UNK,,,P,SP,,
332,Malacoctenus boehlkei,Diamond blenny,x-MNS,,LC,I,,,
333,Malacoctenus gilli,Dusky blenny,x-MNS,,LC,I,,,
334,Malacoctenus triangulatus,Saddled blenny,x-MNS,,LC,I,,0.00891,3
335,Malacoctenus UNK,Scaly blenny,x-MNS,,,I,,,
336,Manta birostris,Giant manta,x,,,Z,,,
337,Microgobius carri,Seminole goby,x-MNS,,LC,Z,,,
338,Microgobius signatus,Microgobius signatus,x,,LC,Z,,,
339,Microgobius UNK,Goby UNK,x-UNK,,,H,,,
340,Mullidae UNK,Goatfishes,x-UNK,,,I,,,
341,Muraenidae UNK,Moray eel,x-UNK,,,P,SP,,
342,Mycteroperca microlepis,Gag,x-NPR,,VU,P,SP,0.0151,2.9672
343,Mycteroperca phenax,Scamp,x-NPR,,DD,P,SP,0.01435,3
344,Mycteroperca UNK,Grouper UNK,x-UNK,,,P,SP,,
345,Myrichthys UNK,Snake eel,x-UNK,,,I,,,
346,Nes longus,Orangespotted goby,x-MNS,,LC,I,,,
347,Nicholsina usta,Emerald parrotfish,x,,LC,H,,,
348,Ogcocephalus nasutus,Shortnose batfish,x,,LC,I,,,
349,Ophichthidae UNK,Snake eel UNK,x-UNK,,,P,SP,,
350,Opistognathus UNK,Jawfish,x-UNK,,,Z,,,
351,Oxyurichthys stigmalophius,Spotfin goby,X-MNS,,LC,I,,,
352,Pareques umbrosus,Cubbyu,x,,LC,I,,,
353,Platybelone argalus,Keeltail needlefish,x-MNS,,LC,P,SP,0.00143,3
354,Pomacanthus UNK,Angelfish,x-UNK,,,I,,,
355,Ptereleotris calliura,Blue dartfish,x-NPR,,LC,,,,
356,Ptereleotris helenae,Hovering dartfish,x,,LC,Z,,,
357,Remora remora,Common remora,x,,LC,Z,,0.00418,3
358,Rypticus bistrispinus,Freckled soapfish,x,,LC,P,SP,,
359,Rypticus maculatus,Whitespotted soapfish,x,,LC,P,SP,0.019,3
360,Scartella cristata,Molly miller,x,,LC,H,,0.00812,3.27
361,Scarus UNK,Parrotfish,x-UNK,,,H,,,
362,Scorpaena UNK,Scorpionfish UNK,x-UNK,,,I,,,
363,Scorpaenodes caribbaeus,Reef scorpionfish,x,,LC,,,,
364,Serraniculus pumilio,Pygmy sea bass,x,,LC,I,,,
365,Serranus subligarius,Belted sandfish,x,,LC,I,,,
366,Serranus UNK,Seabass UNK,x-UNK,,,P,SP,,
367,Sparisoma UNK,Parrotfish,x-UNK,,,H,,,
368,Sphyraena borealis,Northern sennet,x,,LC,P,SP,,
369,Stephanolepis hispidus,Planehead filefish,x,,LC,H,,,
370,Stephanolepsis setifer,Pygmy filefish,x,,,H,,,
371,Stromateidae UNK,Butterfish,x-UNK,,,P,SP,,
372,Syacium UNK,Sand flounder,x-UNK,,,I,,,
373,Sygnathus dawsoni,Pipefish,x-MNS,,,I,,,
374,Synodus intermedius,Sand diver,x,,LC,P,SP,0.00993,2.999
375,Synodus saurus,Bluestriped lizardfish,x,,LC,P,SP,0.0088,3.123
376,Tigrigobius dilepis,Orangesided goby,x-MNS,,LC,I,,,
377,Trachinocephalus myops,Snakefish,x,,LC,Z,,0.0004,3.972
378,Triglidae UNK,Searobin Family UNK,x-UNK,,,I,,,
379,Tylosurus crocodilus,Houndfish,x,,LC,P,SP,0.00078,3.205
380,Urobatis jamaicensis,Yellow stingray,x-NPR,,LC,,,0.00723,3.083
381,Xyrichtys martinicensis,Rosy razorfish,x,,LC,I,,0.018,3.078
382,Xyrichtys novacula,Pearly razorfish,x,,LC,I,,0.0481,2.243
383,Xyrichtys UNK,Razorfish,x-UNK,,,I,,,
384,Diadema antillarum (adult),Long-spined sea urchin,III,,,H,,,
385,Diadema antillarum,Long-spined sea urchin,III,,,H,,,
386,Panulirus argus,Caribbean spiny lobster,III,,,,,,
387,Panulirus guttatus,Spotted spiny lobster,III,,,,,,
